Checking Account,Duration,Credit History,Purpose,Credit Amount,Savings,Present Employment Time,Installment Rate,Personal Status,Guarantors,Residence Time,Property,Age,Other Plans,Housing,Existing Credits,Job,Num of People,Telephone,Foreign Worker,gender,labels
A14,19,A32,A41,5685,A61,A73,2,single,A101,3,A123,34,A143,A152,1,A173,1,A192,A201,male,1
A14,14,A34,A44,2512,A62,A74,3,single,A101,3,A122,32,A141,A152,1,A173,1,A191,A201,male,0
A11,39,A34,A42,4643,A61,A72,3,divorced/seperated/married,A103,3,A121,44,A142,A152,2,A172,1,A191,A201,male,1
A11,31,A31,A41,2405,A61,A72,1,divorced/seperated/married,A101,3,A124,41,A142,A153,2,A174,1,A191,A201,female,0
A11,9,A34,A40,562,A61,A71,3,single,A101,3,A124,49,A143,A153,1,A174,1,A191,A201,male,0
A14,12,A34,A40,1326,A61,A74,3,single,A101,3,A123,47,A143,A152,1,A172,1,A191,A201,male,0
A14,23,A32,A43,1644,A61,A72,3,divorced/seperated,A101,1,A122,25,A143,A152,1,A173,1,A191,A202,male,1
A12,6,A32,A42,1664,A65,A73,3,single,A101,3,A124,26,A143,A152,1,A173,1,A191,A201,male,0
A14,15,A32,A43,4130,A61,A74,3,single,A101,2,A123,32,A143,A152,1,A173,1,A191,A201,male,1
A11,30,A30,A41,6290,A61,A75,3,divorced/seperated/married,A101,3,A124,51,A142,A153,2,A174,1,A192,A201,female,1
A12,38,A33,A49,9166,A61,A73,3,single,A101,3,A123,41,A143,A152,1,A173,1,A192,A201,male,0
A12,11,A32,A42,4814,A65,A73,1,single,A101,3,A123,31,A143,A152,1,A173,1,A192,A201,male,1
A14,14,A34,A40,2019,A61,A74,3,single,A101,3,A123,43,A141,A152,1,A172,1,A191,A201,male,1
A13,29,A34,A43,1260,A61,A72,3,divorced/seperated/married,A101,1,A121,25,A143,A152,1,A173,1,A192,A201,female,1
A12,15,A34,A43,1200,A62,A75,3,married/widowed,A101,3,A123,49,A143,A152,1,A172,1,A191,A201,male,0
A11,10,A32,A40,1490,A65,A72,3,married/widowed,A101,2,A122,21,A143,A151,1,A173,1,A191,A201,male,0
A14,17,A31,A44,3844,A62,A74,3,single,A101,3,A122,31,A141,A152,1,A173,1,A191,A201,male,1
A12,13,A32,A40,1631,A63,A73,3,divorced/seperated/married,A101,3,A124,27,A143,A151,1,A172,1,A191,A201,female,1
A14,13,A32,A42,2470,A63,A73,1,single,A101,3,A122,33,A143,A152,1,A173,1,A192,A201,male,1
A14,17,A32,A43,3023,A65,A75,3,single,A101,3,A123,49,A143,A152,1,A174,1,A192,A201,male,1
A14,15,A32,A40,2302,A61,A75,3,single,A101,3,A123,44,A143,A152,1,A174,1,A192,A201,male,1
A12,33,A34,A43,2485,A61,A72,3,married/widowed,A103,2,A121,27,A143,A151,1,A172,1,A191,A201,female,1
A14,26,A34,A42,1581,A64,A75,3,divorced/seperated/married,A101,3,A123,36,A143,A152,1,A173,1,A192,A201,female,1
A11,39,A30,A42,4290,A61,A72,1,divorced/seperated/married,A103,3,A121,38,A142,A152,2,A174,1,A191,A201,female,1
A11,32,A30,A41,7120,A61,A75,2,divorced/seperated/married,A101,3,A124,45,A142,A153,2,A174,1,A192,A201,female,0
A14,9,A32,A42,2923,A65,A73,2,single,A101,3,A123,32,A143,A152,1,A173,1,A192,A201,male,1
A12,26,A32,A46,1978,A61,A72,3,divorced/seperated/married,A101,3,A122,23,A143,A151,1,A173,1,A191,A201,female,1
A14,18,A32,A40,2455,A61,A75,3,single,A101,3,A122,37,A143,A152,1,A174,1,A192,A201,male,0
A11,26,A32,A43,3292,A61,A73,3,single,A101,2,A123,33,A141,A152,1,A173,1,A191,A201,male,1
A11,22,A34,A43,3398,A65,A75,3,single,A101,3,A124,51,A142,A152,2,A172,1,A191,A201,male,1
A14,15,A34,A43,1736,A62,A73,2,married/widowed,A101,2,A121,40,A143,A152,1,A172,1,A191,A201,female,1
A12,23,A32,A40,1232,A61,A72,3,divorced/seperated/married,A101,1,A122,21,A143,A152,1,A173,1,A191,A201,female,1
A13,24,A34,A42,1738,A64,A72,2,divorced/seperated/married,A101,1,A121,31,A143,A152,1,A173,1,A192,A201,female,1
A12,44,A33,A49,9088,A62,A74,3,single,A101,3,A123,37,A143,A152,1,A173,1,A192,A201,male,1
A14,13,A32,A40,3517,A65,A75,3,divorced/seperated/married,A101,3,A124,54,A143,A153,1,A174,1,A192,A201,female,1
A14,34,A33,A49,8826,A61,A73,3,single,A101,3,A123,30,A143,A152,1,A173,1,A192,A201,male,1
A11,32,A30,A41,4283,A61,A75,3,divorced/seperated/married,A101,3,A124,50,A142,A153,2,A174,1,A191,A201,female,0
A12,9,A32,A40,1578,A65,A73,3,single,A101,2,A122,24,A143,A152,1,A173,1,A191,A201,male,0
A14,14,A34,A40,3050,A62,A74,2,single,A101,2,A122,30,A141,A152,1,A173,1,A191,A201,male,1
A11,7,A32,A41,2518,A65,A71,3,divorced/seperated/married,A101,3,A123,48,A143,A152,1,A174,1,A192,A201,female,1
A12,35,A33,A43,6355,A61,A72,3,single,A101,3,A123,62,A141,A152,1,A173,1,A192,A201,male,1
A12,36,A33,A49,6891,A61,A73,3,single,A101,3,A123,41,A143,A152,1,A173,1,A192,A201,male,0
A14,11,A34,A40,1358,A62,A74,3,single,A101,2,A122,37,A141,A152,2,A172,1,A191,A201,male,1
A14,18,A32,A40,5323,A65,A75,3,divorced/seperated/married,A101,3,A124,56,A143,A153,1,A174,1,A192,A201,female,1
A14,22,A32,A49,4545,A61,A73,3,single,A101,2,A123,27,A143,A152,1,A173,1,A192,A201,male,1
A11,11,A32,A42,2187,A61,A72,1,divorced/seperated,A101,2,A122,25,A143,A151,1,A173,1,A191,A201,male,0
A11,14,A34,A40,1985,A61,A74,3,single,A101,3,A123,49,A143,A152,1,A172,1,A191,A201,male,0
A12,22,A32,A49,4160,A61,A73,3,single,A101,3,A121,33,A143,A152,1,A173,1,A192,A201,male,0
A11,16,A34,A41,1321,A61,A71,3,divorced/seperated/married,A101,3,A124,53,A143,A153,1,A174,1,A191,A201,female,0
A14,21,A34,A40,4810,A61,A75,3,divorced/seperated/married,A101,3,A124,53,A143,A153,1,A174,1,A192,A201,female,1
A13,28,A34,A42,1852,A61,A72,1,divorced/seperated/married,A101,1,A121,29,A143,A152,1,A173,1,A192,A202,female,1
A12,8,A32,A42,2850,A65,A73,1,single,A101,3,A122,30,A143,A152,1,A173,1,A192,A201,male,1
A12,32,A32,A46,1209,A61,A72,3,divorced/seperated/married,A101,1,A121,23,A143,A152,1,A173,1,A191,A201,female,1
A12,29,A32,A43,4246,A61,A72,3,single,A101,3,A123,58,A141,A152,1,A173,1,A192,A201,male,1
A14,17,A34,A40,3052,A65,A75,3,single,A101,3,A123,49,A143,A152,1,A172,1,A191,A201,male,1
A13,33,A34,A43,1278,A61,A72,3,divorced/seperated,A103,1,A121,26,A143,A152,1,A173,1,A192,A201,female,1
A12,23,A32,A43,2823,A61,A73,3,single,A101,3,A121,34,A143,A152,1,A173,1,A192,A201,male,1
A14,28,A34,A42,4849,A61,A75,3,divorced/seperated/married,A101,3,A121,47,A143,A153,1,A173,1,A192,A201,female,1
A13,18,A34,A42,2479,A61,A75,1,divorced/seperated/married,A101,3,A121,45,A143,A152,1,A173,1,A192,A201,female,1
A13,33,A34,A43,1440,A61,A72,3,divorced/seperated/married,A103,1,A121,27,A143,A152,1,A173,1,A192,A201,female,1
A11,8,A32,A40,1530,A65,A73,3,married/widowed,A101,3,A123,22,A143,A152,1,A173,1,A191,A201,male,0
A11,6,A32,A42,1453,A61,A74,1,married/widowed,A101,3,A123,24,A143,A151,1,A173,1,A191,A201,male,0
A12,10,A32,A42,2250,A65,A73,3,single,A101,2,A122,26,A143,A152,1,A173,1,A191,A201,male,0
A12,10,A32,A46,1678,A61,A73,1,divorced/seperated/married,A101,2,A121,33,A143,A151,1,A173,1,A191,A201,female,1
A12,22,A32,A49,3607,A61,A73,3,single,A101,2,A123,28,A143,A152,1,A173,1,A192,A201,male,1
A14,14,A32,A40,2485,A61,A73,2,single,A101,3,A122,39,A143,A152,1,A173,1,A192,A201,male,1
A14,24,A34,A42,941,A64,A72,3,divorced/seperated/married,A101,1,A121,24,A143,A152,1,A173,1,A191,A201,female,1
A14,10,A32,A42,2670,A65,A73,3,single,A101,3,A123,37,A143,A152,1,A174,1,A192,A201,male,1
A14,13,A32,A41,3615,A65,A75,3,single,A101,3,A123,41,A143,A152,1,A174,1,A192,A201,male,1
A14,29,A34,A43,3387,A65,A75,3,single,A101,3,A121,49,A143,A152,1,A172,1,A191,A201,male,1
A12,23,A32,A43,4898,A61,A73,3,single,A101,2,A123,32,A143,A152,1,A173,1,A192,A201,male,1
A14,34,A30,A42,7517,A61,A75,3,divorced/seperated/married,A101,3,A124,50,A143,A153,1,A174,1,A192,A201,female,1
A11,11,A32,A43,1887,A61,A74,3,single,A101,1,A123,38,A143,A151,1,A173,1,A192,A201,male,1
A11,30,A31,A43,2107,A61,A72,3,divorced/seperated/married,A103,3,A124,48,A142,A153,2,A172,1,A191,A201,female,0
A12,5,A32,A43,2626,A65,A73,1,single,A101,3,A124,32,A143,A151,1,A173,1,A192,A201,male,1
A14,11,A32,A40,3577,A65,A75,3,divorced/seperated/married,A101,3,A124,55,A143,A153,1,A174,1,A192,A201,female,1
A12,14,A32,A40,1529,A61,A73,3,divorced/seperated/married,A101,2,A121,24,A143,A151,1,A172,1,A191,A201,female,1
A12,14,A32,A43,3110,A61,A73,3,single,A101,1,A123,34,A143,A152,1,A173,1,A191,A201,male,1
A14,14,A34,A40,1785,A61,A74,3,single,A101,3,A123,47,A143,A152,1,A172,1,A191,A201,male,1
A14,24,A32,A43,1740,A61,A72,3,single,A101,1,A122,26,A143,A152,1,A173,1,A191,A201,male,1
A12,20,A32,A43,1760,A61,A73,3,divorced/seperated/married,A101,1,A121,23,A143,A152,1,A173,1,A191,A201,female,1
A12,23,A32,A43,4220,A61,A73,3,single,A101,2,A123,35,A143,A152,1,A173,1,A192,A201,male,1
A12,45,A33,A49,11399,A62,A74,3,single,A101,3,A123,38,A143,A152,1,A173,1,A192,A201,male,0
A14,13,A32,A41,4764,A65,A73,1,single,A101,3,A123,34,A143,A152,1,A173,1,A192,A201,male,1
A13,32,A34,A43,1808,A61,A72,2,divorced/seperated,A103,1,A121,31,A143,A152,1,A173,1,A192,A201,female,1
A12,8,A32,A42,2807,A65,A73,1,single,A101,3,A123,28,A143,A152,1,A173,1,A192,A201,male,1
A12,14,A32,A40,1685,A61,A73,3,single,A101,3,A122,27,A143,A151,1,A172,1,A191,A201,male,1
A12,8,A32,A40,1849,A65,A73,3,single,A101,3,A124,29,A143,A151,1,A172,1,A191,A201,male,1
A14,13,A34,A43,1368,A61,A73,3,single,A101,3,A123,37,A143,A152,1,A172,1,A191,A201,male,1
A14,14,A31,A40,1588,A61,A74,3,single,A101,3,A122,40,A143,A152,1,A173,1,A191,A201,male,0
A14,9,A32,A43,2142,A61,A73,1,single,A101,2,A121,37,A143,A152,1,A173,1,A191,A201,male,1
A11,26,A30,A41,3383,A61,A75,3,divorced/seperated/married,A101,3,A124,52,A142,A153,2,A174,1,A191,A201,female,0
A14,17,A34,A43,2065,A62,A75,3,married/widowed,A101,2,A123,46,A143,A152,1,A172,1,A191,A201,male,1
A12,32,A34,A43,1110,A61,A72,3,divorced/seperated/married,A103,1,A121,24,A143,A152,1,A173,1,A191,A201,female,1
A12,13,A32,A46,2185,A63,A73,1,divorced/seperated/married,A101,3,A122,37,A143,A151,1,A172,1,A191,A201,male,1
A11,9,A32,A42,1646,A65,A71,2,divorced/seperated/married,A101,3,A122,34,A143,A152,1,A171,1,A192,A201,female,0
A13,9,A32,A42,1840,A61,A73,2,single,A101,3,A123,24,A143,A152,1,A173,1,A191,A201,male,0
A11,26,A34,A43,3704,A65,A75,3,single,A101,3,A124,51,A142,A152,2,A172,1,A191,A201,male,1
A14,12,A34,A40,1571,A61,A74,3,single,A101,3,A123,45,A141,A152,2,A172,1,A191,A201,male,1
A14,19,A32,A41,3772,A61,A75,3,single,A101,3,A123,40,A143,A152,1,A174,1,A192,A201,male,1
A11,24,A34,A40,4603,A65,A75,3,single,A101,3,A124,52,A143,A153,1,A172,1,A192,A201,male,1
A11,10,A32,A48,1471,A61,A72,2,married/widowed,A101,2,A122,21,A143,A151,1,A173,1,A191,A201,male,0
A14,23,A32,A48,1226,A64,A72,3,divorced/seperated/married,A101,1,A122,24,A143,A152,1,A173,1,A191,A201,female,1
A11,5,A32,A42,1316,A65,A71,1,divorced/seperated/married,A101,3,A123,30,A143,A152,1,A171,1,A192,A201,female,0
A12,32,A32,A45,1312,A61,A72,3,divorced/seperated/married,A101,1,A121,23,A143,A152,1,A173,1,A191,A201,female,1
A12,14,A32,A43,1452,A61,A73,3,single,A101,2,A121,25,A143,A152,1,A173,1,A191,A201,male,1
A11,18,A32,A43,1814,A61,A72,3,single,A101,1,A123,24,A143,A152,1,A173,1,A191,A201,male,1
A14,8,A32,A40,2730,A65,A71,3,single,A101,3,A123,43,A143,A152,1,A174,1,A192,A201,male,1
A11,9,A32,A42,2519,A65,A73,2,single,A101,2,A122,33,A143,A152,1,A173,1,A192,A201,male,1
A11,12,A34,A40,1250,A61,A74,3,single,A101,3,A123,51,A143,A152,2,A172,1,A191,A201,male,0
A14,14,A31,A40,2333,A62,A74,3,single,A101,3,A122,37,A141,A152,1,A173,1,A191,A201,male,0
A14,10,A34,A40,1175,A62,A74,3,single,A101,3,A122,42,A141,A152,2,A172,1,A191,A201,male,0
A13,18,A32,A43,1786,A61,A73,3,married/widowed,A101,3,A121,23,A143,A152,1,A173,1,A191,A201,male,1
A14,10,A32,A42,2749,A65,A73,2,single,A101,2,A122,34,A143,A152,1,A173,1,A192,A201,male,1
A14,16,A32,A40,3819,A61,A73,2,single,A101,1,A123,30,A143,A152,1,A173,1,A191,A201,male,1
A12,42,A33,A49,12130,A61,A74,3,single,A101,3,A123,37,A143,A152,1,A173,1,A192,A201,male,1
A12,24,A32,A43,2347,A61,A73,3,married/widowed,A101,3,A121,37,A143,A152,1,A173,1,A192,A201,male,1
A12,12,A34,A46,2069,A63,A73,1,divorced/seperated/married,A101,2,A121,34,A143,A151,1,A172,1,A191,A201,female,1
A14,22,A34,A43,2286,A61,A73,2,divorced/seperated/married,A101,1,A123,26,A143,A152,1,A173,1,A191,A201,female,1
A12,8,A32,A43,2813,A65,A73,1,single,A101,2,A121,32,A143,A152,1,A173,1,A191,A201,male,1
A11,19,A34,A40,3383,A61,A75,3,divorced/seperated/married,A101,3,A124,52,A143,A153,1,A172,1,A192,A201,male,1
A14,11,A32,A40,2360,A61,A73,1,single,A101,1,A121,33,A143,A152,1,A173,1,A191,A201,male,1
A12,6,A32,A42,2252,A65,A73,2,single,A101,2,A124,28,A143,A152,1,A173,1,A191,A201,male,0
A11,32,A30,A41,7315,A61,A75,3,divorced/seperated/married,A101,3,A124,49,A142,A153,2,A174,1,A192,A201,female,1
A14,11,A34,A40,1309,A62,A74,3,single,A101,3,A122,44,A141,A152,2,A173,1,A191,A201,male,0
A11,27,A32,A43,3978,A61,A73,3,single,A101,3,A123,51,A141,A152,1,A173,1,A192,A201,male,1
A14,27,A30,A41,6195,A65,A75,3,divorced/seperated/married,A101,3,A124,55,A143,A153,1,A174,1,A192,A201,male,1
A11,14,A32,A43,1211,A61,A72,3,married/widowed,A101,1,A122,22,A143,A152,1,A173,1,A191,A201,male,1
A11,9,A32,A48,1258,A61,A74,2,married/widowed,A101,3,A123,25,A143,A151,1,A173,1,A191,A201,male,0
A14,14,A34,A40,1138,A61,A72,3,divorced/seperated/married,A101,2,A122,27,A143,A152,1,A173,1,A191,A201,female,1
A12,9,A32,A42,1817,A65,A73,3,single,A101,2,A123,24,A143,A152,1,A173,1,A191,A201,male,0
A12,14,A32,A40,1140,A61,A73,3,divorced/seperated/married,A101,2,A121,22,A143,A152,1,A173,1,A191,A201,female,0
A13,9,A32,A49,1609,A61,A75,1,divorced/seperated,A101,1,A122,42,A143,A151,1,A174,1,A192,A202,male,1
A12,27,A34,A43,3405,A62,A75,3,married/widowed,A102,3,A121,35,A143,A151,1,A172,1,A191,A201,male,1
A14,10,A31,A44,946,A62,A74,3,single,A101,3,A122,29,A143,A152,1,A173,1,A191,A201,male,0
A13,21,A32,A43,1809,A61,A73,3,single,A101,2,A121,26,A143,A152,1,A173,1,A191,A201,male,1
A14,9,A32,A43,2473,A61,A73,1,single,A101,2,A121,36,A143,A152,1,A173,1,A191,A201,male,1
A12,12,A32,A43,1704,A61,A73,3,single,A101,2,A121,31,A143,A152,1,A173,1,A191,A201,male,1
A11,16,A32,A40,1218,A61,A72,3,divorced/seperated/married,A101,1,A122,21,A143,A152,1,A173,1,A191,A201,female,0
A13,32,A34,A42,2974,A61,A75,1,divorced/seperated,A101,1,A121,37,A143,A152,1,A173,1,A192,A201,female,1
A11,21,A32,A43,1896,A61,A73,3,single,A101,2,A123,31,A143,A152,1,A173,1,A191,A201,male,1
A14,10,A32,A41,2162,A65,A75,3,divorced/seperated/married,A101,3,A121,44,A143,A152,1,A174,1,A192,A201,female,1
A12,11,A32,A42,3383,A61,A73,2,single,A101,3,A121,30,A143,A152,1,A173,1,A192,A201,male,1
A14,13,A34,A43,1578,A61,A73,2,single,A101,3,A123,39,A143,A152,1,A173,1,A191,A201,male,1
A13,20,A32,A40,1134,A61,A72,3,divorced/seperated/married,A101,1,A122,23,A143,A152,1,A173,1,A191,A201,female,1
A12,28,A32,A40,1185,A61,A72,3,divorced/seperated/married,A101,1,A122,21,A143,A151,1,A173,1,A191,A201,female,0
A11,4,A32,A41,1308,A65,A71,1,divorced/seperated/married,A101,3,A123,27,A143,A152,1,A171,1,A192,A201,female,0
A11,14,A32,A43,1179,A61,A73,3,married/widowed,A101,3,A121,25,A143,A152,1,A173,1,A191,A201,male,1
A13,36,A34,A43,1779,A61,A72,3,divorced/seperated/married,A103,1,A121,27,A143,A152,1,A173,1,A192,A201,female,1
A12,33,A33,A49,8380,A61,A73,3,single,A101,3,A123,34,A143,A152,1,A173,1,A192,A201,male,0
A11,5,A32,A42,1498,A65,A73,1,single,A101,3,A123,24,A143,A152,1,A173,1,A191,A201,male,0
A11,11,A34,A40,1191,A61,A74,3,single,A101,3,A123,49,A143,A152,1,A172,1,A191,A201,male,0
A11,39,A34,A43,5364,A61,A75,3,divorced/seperated/married,A103,3,A121,44,A142,A152,2,A172,1,A191,A201,male,1
A12,5,A32,A42,2232,A65,A73,1,single,A101,2,A124,28,A143,A152,1,A173,1,A192,A201,male,1
A14,20,A33,A41,6747,A61,A74,2,single,A101,3,A123,30,A141,A152,1,A173,1,A191,A201,male,1
A12,6,A32,A42,2973,A65,A73,1,single,A101,2,A123,28,A143,A152,1,A173,1,A192,A201,male,0
A11,18,A31,A41,2508,A61,A75,3,divorced/seperated/married,A101,3,A124,49,A143,A153,1,A174,1,A192,A201,female,0
A12,20,A32,A46,1040,A61,A73,3,divorced/seperated/married,A101,1,A122,24,A143,A152,1,A173,1,A191,A201,female,1
A13,21,A32,A42,2208,A61,A75,1,divorced/seperated,A101,1,A121,38,A143,A152,1,A173,1,A192,A202,female,1
A14,19,A32,A40,3883,A61,A73,3,single,A101,3,A122,38,A143,A152,1,A173,1,A192,A201,male,1
A12,14,A32,A43,3647,A61,A73,3,single,A101,2,A121,33,A143,A152,1,A173,1,A191,A201,male,1
A11,20,A32,A40,1093,A61,A72,3,divorced/seperated/married,A101,1,A122,22,A143,A152,1,A173,1,A191,A201,female,0
A12,29,A32,A49,7081,A61,A73,3,single,A101,2,A123,33,A143,A152,1,A173,1,A192,A201,male,1
A14,33,A30,A41,7117,A61,A75,3,divorced/seperated/married,A101,3,A124,45,A143,A153,1,A174,1,A192,A201,female,1
A12,35,A33,A49,8980,A61,A73,3,single,A101,3,A123,36,A143,A152,1,A173,1,A192,A201,male,1
A13,22,A34,A42,1282,A64,A72,3,divorced/seperated/married,A101,1,A121,26,A143,A152,1,A173,1,A192,A201,female,1
A14,18,A32,A42,1770,A61,A71,3,single,A101,3,A122,37,A143,A152,1,A173,1,A192,A201,male,1
A12,9,A32,A43,3097,A61,A73,1,single,A101,2,A121,31,A143,A152,1,A173,1,A191,A201,male,1
A11,11,A32,A48,1816,A61,A74,3,single,A101,1,A123,39,A143,A151,1,A173,1,A192,A201,male,1
A14,19,A32,A40,1187,A61,A72,3,divorced/seperated/married,A101,1,A122,23,A143,A152,1,A173,1,A191,A201,female,1
A14,9,A34,A43,1353,A61,A74,1,single,A101,1,A122,32,A141,A152,1,A173,1,A191,A201,male,1
A11,12,A32,A42,2126,A61,A72,1,divorced/seperated,A101,2,A122,27,A143,A152,1,A173,1,A192,A201,female,0
A12,27,A32,A46,1742,A61,A73,3,divorced/seperated/married,A101,2,A123,22,A143,A151,1,A173,1,A191,A201,female,1
A14,16,A32,A41,2230,A61,A75,3,single,A101,3,A121,40,A143,A152,1,A174,1,A192,A201,male,1
A14,16,A31,A40,4346,A62,A74,2,single,A101,3,A122,29,A141,A152,1,A173,1,A191,A201,male,1
A13,20,A32,A43,1440,A61,A73,3,married/widowed,A101,2,A121,24,A143,A152,1,A173,1,A191,A201,male,1
A12,28,A34,A45,2298,A61,A75,3,married/widowed,A103,2,A121,27,A143,A151,1,A172,1,A191,A201,female,1
A12,12,A32,A43,1945,A61,A73,3,divorced/seperated/married,A101,1,A121,30,A143,A152,1,A173,1,A191,A201,female,1
A12,42,A33,A49,11096,A61,A74,3,single,A101,3,A123,37,A143,A152,1,A173,1,A192,A201,male,0
A14,18,A34,A43,2234,A61,A75,3,single,A101,3,A123,47,A143,A152,1,A173,1,A192,A201,male,1
A14,16,A31,A44,3746,A62,A74,3,single,A101,3,A122,29,A141,A152,1,A173,1,A191,A201,male,1
A14,39,A34,A43,3524,A61,A72,3,divorced/seperated/married,A103,2,A121,33,A143,A152,1,A172,1,A191,A201,female,1
A12,25,A32,A43,5608,A61,A73,3,single,A101,2,A123,35,A143,A152,1,A173,1,A192,A201,male,0
A14,20,A32,A40,4770,A65,A75,3,divorced/seperated/married,A101,3,A124,53,A143,A153,1,A174,1,A192,A201,male,1
A12,22,A32,A40,980,A61,A72,3,divorced/seperated/married,A101,1,A122,21,A143,A152,1,A173,1,A191,A201,female,0
A12,18,A32,A45,2113,A61,A73,3,divorced/seperated/married,A101,1,A123,28,A143,A152,1,A173,1,A191,A201,male,1
A13,15,A32,A40,1608,A61,A72,3,divorced/seperated/married,A101,1,A122,22,A143,A152,1,A173,1,A191,A201,female,0
A12,43,A33,A49,7973,A61,A75,3,single,A101,3,A123,54,A143,A152,1,A173,1,A192,A201,male,0
A12,15,A32,A42,2540,A61,A73,3,single,A101,3,A121,32,A143,A152,1,A173,1,A192,A201,male,1
A11,31,A30,A41,5961,A61,A75,3,divorced/seperated/married,A101,3,A124,44,A143,A153,1,A174,1,A192,A201,female,1
A12,9,A32,A42,2474,A65,A73,1,single,A101,2,A123,27,A143,A152,1,A173,1,A192,A201,male,1
A12,22,A32,A49,4153,A61,A73,3,single,A101,3,A121,36,A143,A152,1,A173,1,A192,A201,male,1
A14,13,A32,A43,2682,A65,A75,3,single,A101,3,A123,48,A143,A152,1,A174,1,A192,A201,male,1
A11,9,A32,A48,1303,A61,A73,3,married/widowed,A101,3,A121,22,A143,A151,1,A173,1,A191,A201,male,0
A11,13,A32,A43,1303,A61,A73,3,married/widowed,A101,3,A121,23,A143,A152,1,A173,1,A191,A201,male,0
A12,27,A34,A43,3697,A62,A75,3,married/widowed,A102,3,A121,35,A143,A151,1,A172,1,A191,A201,male,1
A12,32,A32,A46,1036,A61,A72,3,divorced/seperated/married,A101,1,A121,23,A143,A152,1,A173,1,A191,A201,female,1
A14,24,A32,A49,6916,A61,A73,3,single,A101,3,A123,33,A143,A152,1,A173,1,A192,A201,male,1
A11,16,A32,A48,1306,A61,A72,3,married/widowed,A101,1,A122,22,A143,A151,1,A173,1,A191,A201,male,0
A11,22,A34,A41,2741,A61,A71,3,divorced/seperated/married,A101,3,A124,54,A142,A153,2,A174,1,A191,A201,female,0
A14,13,A34,A40,3023,A62,A74,2,single,A101,3,A122,30,A141,A152,1,A173,1,A191,A201,male,1
A14,31,A34,A43,1082,A61,A72,3,divorced/seperated/married,A101,1,A121,24,A143,A152,1,A173,1,A191,A201,female,1
A14,28,A34,A42,3669,A61,A75,3,single,A101,3,A121,48,A143,A152,1,A172,1,A192,A201,male,1
A14,17,A32,A40,2931,A61,A75,3,single,A101,3,A121,47,A143,A152,1,A174,1,A192,A201,male,1
A11,15,A32,A43,1708,A61,A73,3,single,A101,1,A123,27,A143,A152,1,A173,1,A191,A201,male,1
A14,21,A34,A43,2343,A62,A75,3,single,A101,3,A122,47,A143,A152,1,A172,1,A191,A201,male,1
A11,9,A32,A40,2458,A65,A75,3,divorced/seperated/married,A101,3,A124,52,A143,A153,1,A174,1,A192,A201,female,1
A12,5,A32,A43,2301,A65,A73,1,single,A101,3,A121,30,A143,A151,1,A173,1,A192,A201,male,1
A11,13,A34,A40,1676,A61,A75,3,single,A101,3,A124,51,A143,A153,1,A172,1,A192,A201,male,0
A14,9,A32,A43,1665,A61,A73,1,single,A101,1,A121,33,A143,A152,1,A173,1,A191,A201,male,1
A12,31,A32,A43,4815,A61,A73,3,single,A101,3,A123,58,A141,A152,1,A173,1,A192,A201,male,1
A12,18,A32,A43,1628,A61,A73,3,single,A101,2,A121,24,A143,A152,1,A173,1,A191,A201,male,1
A11,24,A31,A41,2224,A61,A75,3,divorced/seperated/married,A101,3,A124,53,A142,A153,2,A174,1,A191,A201,female,0
A11,5,A32,A42,1320,A65,A73,1,single,A101,3,A123,23,A143,A152,1,A173,1,A191,A201,male,0
A12,36,A34,A43,2661,A61,A72,3,married/widowed,A103,1,A121,29,A143,A152,1,A172,1,A191,A201,female,1
A14,25,A32,A40,898,A61,A72,3,divorced/seperated/married,A101,1,A122,22,A143,A152,1,A173,1,A191,A201,female,1
A11,6,A32,A42,1601,A61,A71,1,divorced/seperated/married,A101,3,A124,35,A143,A152,1,A171,1,A192,A201,female,0
A12,10,A32,A45,1430,A61,A73,3,divorced/seperated/married,A101,3,A121,27,A143,A151,1,A172,1,A191,A201,female,1
A12,20,A34,A43,1877,A62,A75,3,married/widowed,A101,2,A121,42,A143,A152,1,A172,1,A191,A201,male,1
A11,25,A31,A41,1946,A61,A75,3,divorced/seperated/married,A101,3,A124,44,A142,A153,2,A174,1,A191,A201,female,0
A11,12,A32,A40,1431,A61,A72,3,divorced/seperated/married,A101,1,A122,25,A143,A152,1,A173,1,A191,A201,female,0
A11,14,A32,A42,2189,A61,A72,1,divorced/seperated,A101,2,A122,26,A143,A152,1,A173,1,A192,A201,female,0
A13,28,A30,A42,4965,A61,A75,1,divorced/seperated/married,A101,3,A121,43,A143,A153,1,A173,1,A192,A201,female,1
A11,13,A32,A43,1435,A61,A74,3,single,A101,1,A123,33,A143,A151,1,A173,1,A192,A201,male,1
A12,32,A34,A43,1259,A61,A72,3,divorced/seperated/married,A101,1,A121,25,A143,A152,1,A173,1,A191,A201,female,1
A14,9,A32,A41,3609,A65,A73,2,single,A101,3,A123,34,A143,A152,1,A174,1,A192,A201,male,1
A11,30,A31,A41,4728,A61,A75,3,divorced/seperated/married,A101,3,A124,48,A142,A153,2,A174,1,A191,A201,female,0
A14,16,A32,A40,4846,A65,A75,3,divorced/seperated/married,A101,3,A124,52,A143,A153,1,A174,1,A192,A201,female,1
A12,30,A34,A43,2931,A61,A75,3,married/widowed,A103,3,A121,40,A143,A152,1,A172,1,A191,A201,male,1
A14,22,A32,A49,1663,A61,A72,3,divorced/seperated,A101,1,A122,27,A143,A152,1,A173,1,A192,A202,male,1
A14,10,A32,A43,2844,A61,A73,1,single,A101,2,A121,34,A141,A152,1,A173,1,A191,A201,male,1
A11,12,A32,A43,1297,A61,A73,3,married/widowed,A101,3,A121,25,A143,A152,1,A173,1,A191,A201,male,0
A14,13,A34,A40,1655,A62,A74,3,single,A101,3,A122,45,A141,A152,1,A173,1,A191,A201,male,0
A11,10,A32,A40,1189,A61,A72,3,married/widowed,A101,2,A122,21,A143,A152,1,A173,1,A191,A201,male,0
A12,9,A32,A40,1492,A61,A73,3,divorced/seperated/married,A101,3,A124,29,A143,A151,1,A172,1,A191,A201,female,1
A14,18,A32,A43,2521,A65,A75,3,single,A101,3,A123,45,A143,A152,1,A173,1,A192,A201,male,1
A13,10,A32,A49,2110,A61,A75,1,divorced/seperated,A101,1,A122,43,A143,A151,1,A174,1,A192,A202,male,1
A14,20,A34,A43,2549,A62,A75,3,married/widowed,A101,3,A123,49,A143,A152,1,A172,1,A191,A201,male,1
A11,10,A32,A42,1417,A65,A71,3,divorced/seperated/married,A101,2,A122,33,A143,A152,1,A173,1,A191,A201,female,0
A12,13,A32,A40,2057,A61,A73,2,single,A101,2,A122,30,A143,A152,1,A173,1,A191,A201,male,1
A12,47,A33,A49,10117,A62,A74,3,single,A101,3,A123,44,A143,A152,1,A173,1,A192,A201,male,0
A12,7,A32,A42,2854,A65,A73,1,single,A101,2,A123,29,A143,A152,1,A173,1,A192,A201,male,1
A14,27,A33,A49,7811,A62,A74,3,single,A101,3,A123,30,A141,A152,1,A173,1,A191,A201,male,1
A14,27,A34,A43,2236,A62,A75,3,married/widowed,A101,3,A123,40,A143,A152,1,A172,1,A191,A201,male,1
A11,15,A32,A40,1271,A65,A72,3,divorced/seperated/married,A101,1,A122,22,A143,A152,1,A173,1,A191,A201,female,0
A14,18,A33,A44,5132,A62,A74,3,single,A101,3,A122,30,A141,A152,1,A173,1,A191,A201,male,1
A11,6,A32,A42,1604,A61,A71,1,divorced/seperated/married,A101,3,A123,24,A143,A152,1,A173,1,A191,A201,male,0
A11,14,A32,A43,1672,A61,A72,3,married/widowed,A101,1,A123,28,A143,A151,1,A173,1,A191,A202,male,1
A12,31,A32,A46,1074,A61,A72,3,divorced/seperated/married,A101,1,A121,22,A143,A152,1,A173,1,A191,A201,female,1
A11,7,A32,A42,1737,A65,A73,3,single,A101,2,A122,26,A143,A152,1,A173,1,A191,A201,male,0
A12,7,A32,A42,2281,A65,A73,1,single,A101,2,A123,31,A143,A152,1,A173,1,A192,A201,male,1
A14,13,A34,A40,1681,A62,A74,3,single,A101,3,A123,46,A143,A152,1,A172,1,A191,A201,male,0
A11,13,A32,A40,1109,A65,A73,3,divorced/seperated/married,A101,1,A121,22,A143,A152,1,A172,1,A191,A201,female,0
A11,18,A32,A40,1182,A61,A72,3,divorced/seperated/married,A101,1,A122,22,A143,A152,1,A173,1,A191,A201,female,0
A14,23,A32,A40,1084,A61,A72,3,divorced/seperated/married,A101,1,A122,25,A143,A152,1,A173,1,A191,A201,female,1
A11,33,A34,A43,4401,A61,A75,3,single,A102,3,A124,51,A142,A153,2,A172,1,A191,A201,male,1
A12,21,A32,A49,4605,A61,A73,3,single,A101,3,A121,35,A143,A152,1,A173,1,A192,A201,male,0
A12,28,A34,A43,2363,A61,A75,3,married/widowed,A102,2,A121,45,A142,A152,2,A172,1,A191,A201,male,1
A12,18,A32,A40,1665,A63,A73,3,divorced/seperated/married,A101,3,A122,28,A143,A151,1,A172,1,A191,A201,female,1
A12,37,A34,A43,3929,A61,A75,3,married/widowed,A103,2,A121,39,A142,A152,1,A172,1,A191,A201,male,1
A12,28,A32,A43,3313,A61,A73,3,single,A101,2,A123,32,A143,A152,1,A173,1,A191,A201,male,1
A14,29,A33,A49,7775,A62,A74,3,single,A101,3,A123,29,A141,A152,1,A173,1,A191,A201,male,1
A14,25,A32,A49,1418,A64,A72,3,divorced/seperated,A101,1,A121,27,A143,A152,1,A173,1,A192,A202,female,1
A14,13,A34,A43,1595,A62,A73,3,single,A101,2,A123,42,A143,A152,1,A172,1,A191,A201,male,1
A11,20,A34,A43,1765,A61,A72,3,single,A101,3,A124,53,A142,A153,2,A172,1,A191,A201,male,0
A12,6,A32,A40,1634,A65,A73,3,single,A101,3,A124,28,A143,A151,1,A173,1,A191,A201,male,1
A12,20,A32,A46,1702,A61,A73,3,divorced/seperated/married,A101,3,A122,25,A143,A151,1,A172,1,A191,A201,female,1
A14,13,A34,A40,2125,A62,A74,3,single,A101,3,A122,35,A141,A152,2,A173,1,A191,A201,male,1
A14,14,A31,A44,2454,A62,A74,3,single,A101,3,A122,29,A141,A152,1,A173,1,A191,A201,male,1
A12,35,A34,A43,3271,A61,A72,3,married/widowed,A103,2,A121,30,A143,A152,1,A172,1,A191,A201,male,1
A12,42,A33,A49,9470,A61,A73,3,single,A101,3,A123,42,A143,A152,1,A173,1,A192,A201,male,0
A12,9,A32,A40,1603,A63,A73,3,single,A101,3,A121,34,A143,A151,1,A172,1,A191,A201,male,1
A14,21,A33,A49,3960,A62,A74,3,single,A101,3,A123,26,A141,A152,1,A173,1,A191,A201,male,1
A14,18,A34,A42,1396,A61,A75,3,divorced/seperated/married,A101,3,A122,36,A143,A152,1,A173,1,A192,A201,female,1
A14,24,A33,A49,7334,A61,A74,3,single,A101,2,A123,32,A141,A152,1,A173,1,A191,A201,male,1
A14,36,A34,A43,4801,A61,A75,3,married/widowed,A103,3,A121,48,A143,A152,2,A172,1,A191,A201,male,1
A12,13,A32,A40,1594,A65,A73,3,single,A101,3,A122,24,A143,A151,1,A172,1,A191,A201,male,0
A11,29,A31,A41,3155,A61,A75,3,divorced/seperated/married,A101,3,A124,53,A142,A153,2,A174,1,A191,A201,female,0
A14,14,A31,A44,1871,A62,A74,3,single,A101,3,A122,28,A141,A152,1,A173,1,A191,A201,male,0
A11,17,A32,A43,1522,A61,A73,3,married/widowed,A101,2,A123,29,A143,A151,1,A173,1,A191,A201,male,1
A12,19,A32,A49,6012,A61,A73,3,single,A101,3,A123,33,A143,A152,1,A173,1,A192,A201,male,1
A14,10,A32,A43,2364,A63,A73,1,single,A101,2,A122,34,A143,A152,1,A173,1,A191,A201,male,1
A14,12,A34,A40,1376,A61,A74,3,single,A101,3,A123,49,A143,A152,2,A172,1,A191,A201,male,0
A12,38,A33,A49,7219,A61,A73,3,single,A101,3,A123,48,A143,A152,1,A173,1,A192,A201,male,0
A14,23,A34,A43,2695,A65,A75,3,single,A101,3,A123,51,A143,A152,1,A172,1,A191,A201,male,1
A14,13,A32,A40,2979,A61,A73,1,single,A101,2,A122,35,A143,A152,1,A173,1,A191,A201,male,1
A14,10,A34,A43,1582,A63,A73,1,divorced/seperated/married,A101,1,A121,31,A143,A152,1,A172,1,A191,A201,female,1
A11,7,A32,A42,1746,A61,A74,1,divorced/seperated/married,A101,3,A123,24,A143,A152,1,A173,1,A191,A201,male,0
A13,24,A34,A42,3991,A61,A75,1,divorced/seperated/married,A101,3,A121,43,A143,A152,1,A173,1,A192,A201,female,1
A14,9,A34,A43,1533,A63,A73,1,divorced/seperated/married,A101,1,A123,36,A143,A152,1,A172,1,A191,A201,male,1
A14,15,A34,A40,2211,A61,A74,2,single,A101,2,A123,30,A141,A152,1,A173,1,A191,A201,male,1
A12,25,A32,A43,2244,A61,A73,3,single,A101,2,A123,30,A143,A152,1,A173,1,A191,A201,male,1
A14,15,A31,A44,2078,A62,A74,3,single,A101,3,A122,25,A141,A152,1,A173,1,A191,A201,male,1
A11,21,A32,A43,2298,A61,A72,3,single,A101,3,A123,51,A143,A153,1,A173,1,A192,A201,male,1
A11,7,A32,A42,1705,A61,A73,1,single,A101,3,A123,28,A143,A152,1,A173,1,A192,A201,male,0
A14,31,A34,A42,2778,A61,A75,3,divorced/seperated/married,A101,2,A121,39,A143,A152,1,A173,1,A192,A201,female,1
A12,47,A33,A49,11023,A61,A75,3,single,A101,3,A123,45,A143,A152,1,A173,1,A192,A201,male,0
A11,12,A32,A48,1603,A61,A72,2,married/widowed,A101,2,A122,22,A143,A151,1,A173,1,A191,A201,male,0
A14,17,A32,A40,2442,A61,A75,3,single,A101,3,A123,43,A143,A152,1,A174,1,A192,A201,male,1
A13,22,A32,A42,1244,A64,A72,3,divorced/seperated/married,A101,1,A122,24,A143,A152,1,A173,1,A192,A201,female,1
A14,32,A34,A42,3560,A61,A75,3,divorced/seperated/married,A101,3,A121,47,A143,A152,1,A173,1,A192,A201,male,1
A14,17,A34,A43,1618,A61,A75,3,single,A101,3,A122,38,A143,A152,1,A173,1,A192,A201,male,1
A12,14,A32,A40,1185,A61,A73,3,divorced/seperated/married,A101,2,A124,22,A143,A151,1,A172,1,A191,A201,female,0
A12,21,A34,A46,2413,A62,A75,2,married/widowed,A101,3,A124,42,A143,A151,1,A172,1,A191,A201,male,1
A12,12,A32,A42,2657,A65,A73,2,single,A101,2,A123,27,A143,A152,1,A173,1,A191,A201,male,1
A11,38,A30,A42,6851,A61,A71,3,divorced/seperated/married,A101,3,A124,47,A142,A153,2,A174,1,A192,A201,female,1
A11,16,A32,A43,1319,A61,A73,3,married/widowed,A101,1,A121,23,A143,A152,1,A173,1,A191,A201,male,1
A11,13,A32,A40,1309,A65,A73,3,single,A101,2,A122,24,A143,A152,1,A173,1,A191,A201,male,0
A11,10,A32,A42,1494,A61,A72,2,divorced/seperated/married,A101,3,A122,39,A143,A152,1,A173,1,A192,A201,female,1
A12,17,A32,A49,4629,A61,A73,3,single,A101,2,A123,31,A143,A152,1,A173,1,A192,A201,male,1
A12,43,A33,A49,10872,A61,A74,3,single,A101,3,A123,41,A143,A152,1,A173,1,A192,A201,male,0
A11,19,A32,A43,1769,A61,A73,3,married/widowed,A101,3,A123,36,A143,A152,1,A173,1,A192,A201,male,1
A12,8,A32,A43,3296,A63,A73,1,single,A101,2,A121,33,A143,A152,1,A173,1,A191,A201,male,1
A12,8,A32,A42,3020,A65,A73,1,single,A101,3,A121,29,A143,A152,1,A173,1,A192,A201,male,1
A13,23,A32,A49,2878,A64,A75,1,divorced/seperated,A101,1,A121,41,A143,A152,1,A174,1,A192,A202,male,1
A14,18,A31,A44,3876,A62,A74,3,single,A101,3,A122,27,A141,A152,1,A173,1,A191,A201,male,1
A11,28,A30,A41,6482,A61,A75,3,divorced/seperated/married,A101,3,A124,51,A143,A153,1,A174,1,A192,A201,female,1
A14,30,A34,A43,4030,A65,A75,3,single,A101,3,A123,52,A143,A152,1,A172,1,A191,A201,male,1
A11,39,A30,A41,7907,A61,A75,3,divorced/seperated/married,A101,3,A124,46,A142,A153,2,A174,1,A192,A201,female,1
A11,13,A32,A43,1529,A61,A72,3,married/widowed,A101,1,A123,24,A143,A151,1,A173,1,A191,A201,male,0
A12,16,A32,A49,6154,A65,A73,2,single,A101,3,A123,31,A143,A152,1,A173,1,A192,A201,male,1
A11,11,A32,A42,1728,A61,A72,1,divorced/seperated/married,A101,3,A122,32,A143,A152,1,A173,1,A192,A201,female,0
A14,11,A32,A43,1999,A63,A73,1,single,A101,2,A122,42,A143,A152,1,A173,1,A191,A201,male,1
A14,17,A32,A43,2319,A61,A73,3,divorced/seperated/married,A101,1,A123,28,A143,A152,1,A173,1,A191,A201,female,1
A12,19,A34,A43,2579,A62,A75,3,married/widowed,A101,3,A124,44,A143,A151,1,A172,1,A191,A201,male,1
A11,39,A34,A42,7278,A61,A75,3,divorced/seperated/married,A103,3,A121,47,A142,A153,2,A174,1,A191,A201,male,1
A12,9,A32,A42,1826,A65,A73,3,single,A101,2,A122,25,A143,A152,1,A173,1,A191,A201,male,0
A11,31,A31,A41,4640,A61,A75,1,divorced/seperated/married,A101,3,A124,42,A142,A153,2,A174,1,A192,A201,female,0
A12,31,A34,A46,1844,A61,A75,3,married/widowed,A101,3,A121,26,A143,A151,1,A172,1,A191,A201,female,1
A14,23,A32,A41,7172,A61,A74,3,single,A101,3,A123,31,A141,A152,1,A173,1,A192,A201,male,1
A11,6,A32,A42,1987,A65,A71,2,divorced/seperated/married,A101,3,A123,39,A143,A152,1,A174,1,A192,A201,female,0
A12,27,A32,A49,4751,A61,A73,3,single,A101,2,A123,35,A143,A152,1,A173,1,A192,A201,male,0
A13,23,A32,A49,2006,A61,A72,3,divorced/seperated,A101,1,A122,32,A143,A152,1,A173,1,A192,A202,male,1
A11,12,A32,A43,1499,A61,A74,3,single,A101,1,A123,34,A143,A151,1,A173,1,A192,A201,male,1
A14,15,A34,A40,3968,A62,A74,2,single,A101,3,A122,31,A141,A152,1,A173,1,A191,A201,male,1
A12,28,A34,A43,3294,A62,A75,3,married/widowed,A102,3,A121,33,A143,A151,1,A172,1,A191,A201,male,1
A14,16,A34,A41,3593,A62,A74,3,single,A101,3,A122,32,A141,A152,1,A173,1,A191,A201,male,1
A12,30,A32,A46,1657,A61,A72,3,divorced/seperated/married,A101,3,A122,22,A143,A151,1,A172,1,A191,A201,female,1
A11,24,A34,A43,3727,A65,A75,3,single,A101,3,A124,52,A143,A152,1,A172,1,A191,A201,male,1
A14,20,A32,A43,5710,A61,A74,3,single,A101,2,A123,33,A143,A152,1,A173,1,A192,A201,male,1
A11,18,A32,A43,1646,A61,A72,3,single,A101,1,A123,25,A143,A152,1,A173,1,A191,A201,male,1
A14,12,A34,A40,1685,A62,A74,3,single,A101,2,A122,35,A141,A152,2,A173,1,A191,A201,male,1
A12,21,A34,A46,3022,A62,A75,2,married/widowed,A101,3,A124,39,A143,A151,1,A172,1,A191,A201,male,1
A14,12,A34,A43,2497,A62,A74,2,single,A101,2,A122,30,A141,A152,1,A173,1,A191,A201,male,1
A11,22,A31,A41,1552,A61,A75,3,divorced/seperated/married,A101,3,A124,53,A142,A153,1,A174,1,A191,A201,female,0
A14,12,A32,A42,1829,A65,A71,3,divorced/seperated/married,A101,3,A122,41,A143,A152,1,A173,1,A192,A201,female,1
A12,46,A33,A49,11412,A62,A74,3,single,A101,3,A123,36,A143,A152,1,A173,1,A192,A201,male,1
A14,26,A32,A40,828,A64,A72,3,divorced/seperated/married,A101,1,A121,22,A143,A152,1,A173,1,A191,A201,female,1
A12,26,A32,A43,3826,A61,A73,3,single,A101,3,A121,35,A143,A152,1,A173,1,A192,A201,male,0
A14,21,A34,A42,1212,A61,A72,3,divorced/seperated/married,A101,3,A122,34,A143,A152,1,A173,1,A191,A201,female,1
A11,15,A32,A43,1052,A61,A73,3,married/widowed,A101,2,A121,23,A143,A152,1,A173,1,A191,A201,male,0
A12,16,A32,A40,1348,A61,A73,3,divorced/seperated/married,A101,2,A121,23,A143,A152,1,A172,1,A191,A201,female,1
A14,13,A32,A42,1788,A63,A73,2,single,A101,3,A122,34,A143,A151,1,A173,1,A191,A201,male,1
A11,7,A32,A42,3477,A65,A71,1,single,A101,2,A123,35,A143,A152,1,A174,1,A192,A201,male,0
A14,27,A33,A49,5704,A62,A74,3,single,A101,3,A123,29,A141,A152,1,A173,1,A192,A201,male,1
A14,17,A32,A40,3391,A62,A74,2,single,A101,3,A122,29,A141,A152,1,A173,1,A191,A201,male,1
A12,28,A32,A43,4492,A61,A73,3,single,A101,2,A123,30,A143,A152,1,A173,1,A191,A201,male,0
A14,16,A34,A40,2363,A61,A73,3,single,A101,2,A123,32,A143,A152,1,A172,1,A191,A201,male,1
A14,15,A34,A43,1385,A61,A73,2,divorced/seperated/married,A101,2,A123,34,A143,A152,1,A172,1,A191,A201,male,1
A12,36,A33,A43,6065,A61,A73,3,single,A101,3,A123,54,A141,A152,1,A173,1,A192,A201,male,1
A11,24,A32,A43,2437,A61,A73,3,married/widowed,A101,3,A123,43,A143,A152,1,A173,1,A192,A201,male,1
A14,9,A31,A44,671,A62,A74,3,single,A101,3,A122,24,A143,A152,1,A173,1,A191,A201,male,0
A11,14,A32,A49,2881,A61,A75,2,single,A101,1,A123,45,A143,A151,1,A174,1,A192,A201,male,0
A11,8,A32,A49,1525,A61,A75,1,divorced/seperated,A101,2,A121,31,A143,A151,1,A174,1,A192,A202,male,1
A12,33,A32,A46,1137,A61,A72,3,divorced/seperated/married,A101,1,A121,22,A143,A152,1,A173,1,A191,A201,female,1
A14,17,A32,A40,3262,A61,A73,3,single,A101,3,A122,36,A143,A152,1,A173,1,A191,A201,male,1
A11,29,A31,A41,4110,A61,A75,3,divorced/seperated/married,A101,3,A124,46,A142,A153,2,A174,1,A192,A201,female,0
A14,13,A32,A41,4987,A65,A75,3,divorced/seperated/married,A101,3,A124,52,A143,A153,1,A174,1,A192,A201,female,1
A12,5,A32,A42,1588,A65,A73,1,single,A101,2,A123,24,A143,A152,1,A173,1,A191,A201,male,0
A12,26,A32,A43,3223,A61,A73,3,single,A101,3,A123,54,A143,A152,1,A173,1,A192,A201,male,1
A12,34,A33,A49,5978,A61,A73,3,single,A101,3,A123,49,A143,A152,1,A173,1,A192,A201,male,0
A14,14,A32,A43,3022,A61,A73,3,single,A101,2,A121,32,A143,A152,1,A173,1,A191,A201,male,1
A11,40,A30,A43,4668,A61,A72,2,divorced/seperated/married,A103,3,A121,45,A142,A153,2,A174,1,A191,A201,female,0
A12,21,A34,A43,1803,A61,A73,3,divorced/seperated/married,A101,1,A123,29,A143,A152,1,A172,1,A191,A201,female,1
A12,21,A32,A46,1366,A61,A73,3,divorced/seperated/married,A101,2,A122,23,A143,A151,1,A173,1,A191,A201,female,1
A12,45,A33,A49,10065,A61,A75,3,single,A101,3,A123,51,A143,A152,1,A173,1,A192,A201,male,0
A12,41,A33,A49,7102,A61,A75,3,single,A101,3,A123,59,A141,A152,1,A173,1,A192,A201,male,0
A12,10,A32,A40,2357,A63,A73,2,single,A101,3,A122,32,A143,A151,1,A173,1,A191,A201,male,1
A14,16,A32,A40,2728,A61,A75,3,single,A101,3,A123,48,A143,A152,1,A174,1,A192,A201,male,1
A12,31,A33,A49,8014,A61,A73,3,single,A101,3,A123,36,A143,A152,1,A173,1,A192,A201,male,0
A12,8,A32,A40,1373,A65,A73,3,single,A101,3,A121,24,A143,A152,1,A173,1,A191,A201,male,1
A12,13,A34,A43,1677,A62,A73,2,divorced/seperated/married,A101,1,A121,36,A143,A152,1,A172,1,A191,A201,male,1
A14,19,A32,A40,4789,A61,A75,3,divorced/seperated/married,A101,3,A124,50,A143,A153,1,A174,1,A192,A201,female,1
A14,16,A34,A40,3923,A62,A74,2,single,A101,3,A122,31,A141,A152,1,A173,1,A191,A201,male,1
A12,9,A32,A42,4211,A65,A73,1,single,A101,2,A123,32,A143,A152,1,A173,1,A192,A201,male,1
A13,16,A32,A49,2756,A61,A75,1,divorced/seperated,A101,1,A122,40,A143,A151,1,A174,1,A192,A202,male,1
A14,35,A34,A43,2617,A61,A75,3,married/widowed,A103,3,A121,36,A143,A152,1,A172,1,A191,A201,male,1
A14,14,A31,A44,1343,A62,A74,3,single,A101,3,A122,24,A143,A152,1,A173,1,A191,A201,male,1
A12,44,A33,A49,9232,A61,A75,3,single,A101,3,A123,50,A143,A152,1,A173,1,A192,A201,male,0
A14,14,A32,A42,4748,A65,A73,2,single,A101,3,A123,31,A143,A152,1,A173,1,A192,A201,male,1
A14,38,A34,A42,6452,A61,A75,3,divorced/seperated/married,A101,3,A121,45,A142,A152,2,A174,1,A192,A201,female,1
A12,28,A32,A46,3054,A61,A72,3,married/widowed,A101,3,A121,25,A143,A151,1,A173,1,A191,A201,female,1
A11,31,A34,A43,3377,A61,A75,3,married/widowed,A102,3,A124,50,A142,A152,2,A172,1,A191,A201,male,1
A11,24,A34,A43,2910,A61,A75,3,divorced/seperated/married,A101,3,A124,54,A142,A153,2,A172,1,A191,A201,male,0
A12,16,A32,A40,1625,A61,A73,3,divorced/seperated/married,A101,2,A121,26,A143,A151,1,A172,1,A191,A201,female,1
A12,26,A32,A49,5577,A61,A73,3,single,A101,3,A123,39,A143,A152,1,A173,1,A192,A201,male,0
A14,30,A32,A40,1004,A61,A72,3,divorced/seperated/married,A101,1,A122,22,A143,A152,1,A173,1,A191,A201,female,1
A13,22,A32,A49,2122,A64,A75,1,divorced/seperated,A101,1,A121,37,A143,A152,1,A173,1,A192,A202,male,1
A11,8,A34,A40,578,A61,A74,3,single,A101,3,A122,47,A143,A152,1,A172,1,A191,A201,male,0
A14,18,A34,A40,3942,A62,A74,3,single,A101,3,A122,32,A141,A152,1,A173,1,A191,A201,male,0
A14,18,A32,A40,3254,A61,A75,3,single,A101,3,A123,48,A143,A152,1,A174,1,A192,A201,male,1
A14,26,A32,A43,1309,A61,A72,3,divorced/seperated/married,A101,1,A122,22,A143,A152,1,A173,1,A191,A201,female,1
A12,15,A32,A49,5050,A65,A73,2,single,A101,3,A123,32,A143,A152,1,A173,1,A192,A201,male,1
A13,20,A34,A42,2522,A61,A75,1,divorced/seperated/married,A101,3,A121,38,A143,A152,1,A173,1,A192,A201,female,1
A11,12,A34,A43,862,A61,A72,3,single,A101,3,A124,56,A143,A152,2,A172,1,A191,A201,male,0
A11,14,A34,A40,2014,A61,A71,3,single,A101,3,A124,50,A143,A152,1,A172,1,A191,A201,male,1
A12,33,A32,A43,1267,A61,A72,3,divorced/seperated/married,A101,1,A121,25,A143,A152,1,A173,1,A191,A201,female,1
A14,21,A32,A41,6175,A61,A74,2,single,A101,3,A123,30,A143,A152,1,A173,1,A192,A201,male,1
A14,24,A34,A43,893,A64,A72,3,divorced/seperated/married,A101,1,A121,28,A143,A152,1,A173,1,A192,A201,female,1
A13,11,A32,A42,1609,A61,A73,3,single,A101,3,A121,25,A143,A152,1,A173,1,A191,A201,male,0
A14,28,A32,A46,914,A61,A72,3,divorced/seperated/married,A101,1,A122,22,A143,A152,1,A173,1,A191,A201,female,1
A14,34,A34,A43,2311,A61,A75,3,divorced/seperated/married,A101,2,A121,36,A143,A152,1,A173,1,A191,A201,female,1
A14,12,A34,A40,2498,A61,A74,1,single,A101,2,A122,32,A141,A152,1,A173,1,A191,A201,male,1
A14,21,A31,A40,3536,A62,A74,3,single,A101,3,A122,31,A141,A152,1,A173,1,A191,A201,male,1
A14,18,A31,A44,3490,A62,A74,3,single,A101,3,A122,27,A141,A152,1,A173,1,A191,A201,male,1
A12,7,A32,A42,2161,A65,A73,2,single,A101,2,A123,26,A143,A152,1,A173,1,A191,A201,male,0
A12,28,A32,A46,1307,A61,A72,3,divorced/seperated/married,A101,3,A122,22,A143,A151,1,A173,1,A191,A201,female,1
A12,31,A33,A43,4629,A61,A73,3,single,A101,3,A123,50,A143,A152,1,A173,1,A192,A201,male,1
A14,27,A34,A42,1157,A61,A72,3,divorced/seperated/married,A101,3,A122,30,A143,A152,1,A173,1,A191,A201,female,1
A14,23,A32,A49,6336,A61,A73,3,single,A101,3,A123,34,A143,A152,1,A173,1,A192,A201,male,1
A11,16,A32,A43,1206,A61,A73,3,married/widowed,A101,1,A122,23,A143,A151,1,A173,1,A191,A201,male,1
A14,17,A34,A43,1459,A61,A73,3,single,A101,3,A123,39,A143,A152,1,A173,1,A192,A201,male,1
A14,16,A31,A44,2412,A62,A74,3,single,A101,3,A122,26,A141,A152,1,A173,1,A191,A201,male,1
A14,10,A34,A43,947,A62,A74,3,single,A101,2,A123,43,A143,A152,2,A172,1,A191,A201,male,1
A11,24,A31,A41,2453,A61,A75,2,divorced/seperated/married,A101,3,A124,41,A142,A153,1,A174,1,A191,A201,female,0
A14,22,A34,A42,3155,A61,A75,3,divorced/seperated/married,A101,3,A124,48,A143,A152,1,A173,1,A192,A201,female,1
A14,12,A34,A43,1565,A61,A73,2,single,A101,2,A123,37,A143,A152,1,A172,1,A191,A201,male,1
A11,39,A34,A43,3851,A61,A72,2,divorced/seperated/married,A103,2,A121,41,A142,A152,2,A172,1,A191,A201,female,1
A11,38,A30,A43,3895,A61,A72,2,divorced/seperated/married,A103,3,A121,43,A142,A152,2,A174,1,A191,A201,female,1
A12,37,A34,A43,3527,A61,A72,3,married/widowed,A103,2,A121,34,A143,A152,1,A172,1,A191,A201,male,1
A14,11,A34,A40,1627,A62,A74,3,single,A101,3,A122,34,A141,A152,2,A173,1,A191,A201,male,0
A14,14,A32,A41,4174,A65,A73,3,single,A101,3,A123,40,A143,A152,1,A174,1,A192,A201,male,1
A11,13,A32,A48,1794,A61,A72,2,married/widowed,A101,1,A123,29,A143,A151,1,A173,1,A192,A201,male,0
A14,14,A32,A41,2445,A61,A75,3,divorced/seperated/married,A101,3,A121,44,A143,A152,1,A174,1,A192,A201,female,1
A14,26,A33,A49,7366,A62,A74,3,single,A101,3,A123,29,A141,A152,1,A173,1,A191,A201,male,1
A14,23,A33,A49,7579,A61,A74,3,single,A101,3,A123,31,A141,A152,1,A173,1,A192,A201,male,1
A11,30,A31,A41,2628,A61,A75,1,divorced/seperated/married,A101,3,A121,29,A142,A153,1,A174,1,A191,A201,female,0
A11,14,A34,A40,1686,A61,A71,3,single,A101,3,A124,55,A143,A152,2,A172,1,A191,A201,male,0
A12,26,A32,A43,2579,A61,A73,3,married/widowed,A101,3,A123,40,A143,A152,1,A173,1,A192,A201,male,1
A11,10,A32,A49,2375,A61,A75,1,divorced/seperated,A101,1,A122,35,A143,A151,1,A174,1,A192,A202,male,1
A11,13,A32,A40,1600,A65,A73,3,divorced/seperated/married,A101,1,A122,22,A143,A152,1,A173,1,A191,A201,female,0
A12,24,A32,A49,5904,A61,A73,3,single,A101,3,A123,35,A143,A152,1,A173,1,A192,A201,male,1
A12,14,A32,A43,2394,A61,A73,3,single,A101,1,A121,30,A143,A152,1,A173,1,A191,A201,male,1
A14,11,A34,A40,1308,A61,A74,3,single,A101,2,A123,37,A141,A152,2,A172,1,A191,A201,male,1
A12,24,A34,A46,1614,A61,A73,3,divorced/seperated/married,A103,2,A121,25,A143,A152,1,A173,1,A191,A201,female,1
A12,30,A32,A43,3827,A61,A73,3,single,A101,3,A121,43,A143,A152,1,A173,1,A192,A201,male,1
A14,16,A31,A44,3270,A62,A74,3,single,A101,3,A122,27,A141,A152,1,A173,1,A191,A201,male,1
A14,23,A32,A40,886,A64,A72,3,divorced/seperated/married,A101,1,A122,23,A143,A152,1,A173,1,A191,A201,female,1
A14,25,A33,A49,8142,A62,A74,3,single,A101,3,A123,31,A141,A152,1,A173,1,A191,A201,male,1
A14,15,A34,A40,2863,A62,A74,3,single,A101,3,A122,34,A141,A152,1,A173,1,A191,A201,male,1
A13,26,A32,A49,1831,A64,A72,2,divorced/seperated,A101,1,A121,28,A143,A152,1,A173,1,A192,A202,male,1
A14,11,A32,A43,2125,A63,A73,1,single,A101,3,A122,42,A143,A151,1,A173,1,A191,A201,male,1
A14,12,A34,A40,1634,A62,A74,3,single,A101,3,A122,36,A141,A152,2,A173,1,A191,A201,male,0
A14,17,A34,A40,4261,A62,A74,2,single,A101,2,A122,30,A141,A152,1,A173,1,A191,A201,male,1
A11,11,A32,A42,1401,A61,A72,2,married/widowed,A101,2,A122,23,A143,A151,1,A173,1,A191,A201,male,0
A14,15,A34,A43,1316,A61,A73,3,single,A101,3,A122,31,A143,A152,1,A173,1,A191,A201,male,1
A11,23,A32,A43,1614,A61,A72,3,divorced/seperated/married,A101,1,A122,23,A143,A152,1,A173,1,A191,A201,female,1
A11,10,A32,A48,1590,A61,A74,2,married/widowed,A101,1,A123,27,A143,A151,1,A173,1,A191,A202,male,0
A14,21,A34,A42,1176,A64,A72,3,divorced/seperated/married,A101,2,A121,31,A143,A152,1,A173,1,A191,A201,female,1
A12,13,A32,A43,2471,A61,A73,3,single,A101,2,A121,33,A143,A152,1,A173,1,A191,A201,male,1
A12,7,A32,A40,1749,A63,A73,2,single,A101,3,A121,35,A143,A151,1,A172,1,A191,A201,male,1
A12,38,A33,A49,8831,A61,A73,3,single,A101,3,A123,42,A143,A152,1,A173,1,A192,A201,male,0
A14,28,A33,A49,7231,A62,A74,3,single,A101,3,A123,31,A141,A152,1,A173,1,A191,A201,male,1
A14,20,A34,A43,2076,A62,A75,3,married/widowed,A101,3,A123,43,A143,A152,1,A172,1,A191,A201,male,1
A13,17,A32,A49,2221,A64,A72,1,divorced/seperated,A101,1,A122,34,A143,A152,1,A173,1,A192,A202,male,1
A14,15,A32,A40,2705,A61,A75,3,single,A101,3,A123,44,A143,A152,1,A174,1,A192,A201,male,1
A12,8,A32,A42,3160,A65,A73,1,single,A101,2,A123,29,A143,A152,1,A173,1,A192,A201,male,1
A12,11,A32,A42,1877,A61,A73,3,married/widowed,A101,3,A121,26,A143,A152,1,A173,1,A191,A201,male,1
A11,31,A31,A41,4157,A61,A75,1,divorced/seperated/married,A101,3,A124,41,A142,A153,2,A174,1,A191,A201,female,0
A14,10,A32,A42,2133,A65,A71,3,divorced/seperated/married,A101,3,A124,45,A143,A152,1,A174,1,A192,A201,female,1
A14,19,A33,A44,4508,A62,A74,3,single,A101,3,A122,29,A141,A152,1,A173,1,A191,A201,male,1
A14,24,A34,A42,2639,A61,A75,3,single,A101,3,A121,45,A143,A152,1,A173,1,A192,A201,male,1
A12,41,A33,A49,9918,A62,A74,3,single,A101,3,A123,33,A143,A152,1,A173,1,A192,A201,male,0
A14,29,A32,A43,1020,A61,A72,3,divorced/seperated/married,A101,1,A121,22,A143,A152,1,A173,1,A191,A201,female,1
A12,10,A32,A40,1222,A65,A73,3,single,A101,3,A121,23,A143,A152,1,A173,1,A191,A201,male,0
A12,21,A32,A43,3569,A61,A73,3,single,A101,2,A123,33,A143,A152,1,A173,1,A192,A201,male,1
A11,8,A32,A42,2514,A65,A71,3,divorced/seperated/married,A101,3,A123,40,A143,A152,1,A174,1,A192,A201,female,0
A14,36,A33,A49,9578,A62,A74,3,single,A101,3,A123,29,A143,A152,1,A173,1,A192,A201,male,1
A12,6,A32,A43,1912,A65,A73,2,single,A101,3,A124,29,A143,A151,1,A173,1,A191,A201,male,1
A12,6,A32,A42,2576,A65,A73,1,single,A101,2,A123,28,A143,A152,1,A173,1,A192,A201,male,0
A13,23,A32,A49,2604,A64,A75,1,divorced/seperated,A101,1,A121,38,A143,A152,1,A173,1,A192,A202,male,1
A14,10,A34,A43,1598,A61,A74,1,single,A101,1,A122,31,A141,A152,2,A173,1,A191,A201,male,1
A11,23,A32,A43,2752,A61,A73,3,single,A101,2,A123,35,A143,A152,1,A173,1,A191,A201,male,1
A12,43,A33,A49,11514,A62,A74,3,single,A101,3,A123,34,A143,A152,1,A173,1,A192,A201,male,0
A12,32,A32,A43,4984,A61,A73,3,single,A101,3,A123,52,A141,A152,1,A173,1,A192,A201,male,1
A11,13,A32,A48,2379,A61,A75,2,single,A101,1,A123,33,A143,A151,1,A171,1,A192,A201,male,0
A11,14,A32,A43,1307,A61,A72,3,married/widowed,A101,3,A123,29,A143,A151,1,A173,1,A191,A201,male,1
A11,21,A31,A41,3884,A61,A75,3,divorced/seperated/married,A101,3,A124,46,A143,A153,1,A174,1,A192,A201,female,1
A14,13,A34,A43,1549,A62,A73,3,single,A101,3,A123,49,A143,A152,2,A172,1,A191,A201,male,1
A11,6,A32,A48,1461,A61,A72,1,divorced/seperated,A101,2,A123,24,A143,A151,1,A173,1,A192,A201,male,0
A12,15,A32,A43,3217,A61,A73,3,single,A101,2,A121,33,A143,A152,1,A173,1,A191,A201,male,1
A14,26,A34,A42,2521,A61,A75,3,single,A101,3,A123,43,A143,A152,1,A173,1,A192,A201,male,1
A11,15,A34,A40,2382,A61,A75,3,single,A101,3,A124,51,A143,A153,1,A172,1,A192,A201,male,1
A11,38,A30,A42,6097,A61,A71,3,divorced/seperated/married,A101,3,A124,47,A142,A153,2,A174,1,A192,A201,female,1
A11,14,A32,A40,1299,A61,A73,3,married/widowed,A101,2,A121,22,A143,A152,1,A173,1,A191,A201,male,0
A14,31,A33,A41,8229,A65,A74,3,single,A101,3,A123,28,A143,A152,1,A173,1,A192,A201,male,1
A12,25,A34,A46,1966,A61,A73,3,divorced/seperated/married,A101,3,A121,27,A143,A151,1,A172,1,A191,A201,female,1
A11,10,A32,A42,1432,A61,A72,2,divorced/seperated/married,A101,2,A122,27,A143,A152,1,A173,1,A191,A201,female,0
A12,8,A32,A43,2219,A65,A73,2,single,A101,3,A121,28,A143,A152,1,A173,1,A191,A201,male,1
A14,22,A33,A41,3422,A62,A74,3,single,A101,3,A122,26,A143,A152,1,A173,1,A191,A201,male,1
A12,8,A32,A42,2850,A65,A73,1,single,A101,2,A121,30,A143,A152,1,A173,1,A192,A201,male,1
A11,11,A32,A43,1170,A61,A74,3,married/widowed,A101,3,A123,29,A143,A151,1,A173,1,A191,A201,male,1
A14,21,A34,A43,2223,A62,A75,3,married/widowed,A101,2,A123,42,A143,A152,1,A172,1,A191,A201,male,1
A14,16,A34,A40,2841,A62,A74,3,single,A101,3,A122,32,A141,A152,2,A173,1,A191,A201,male,1
A12,43,A33,A49,9095,A61,A75,3,single,A101,3,A123,53,A141,A152,1,A173,1,A192,A201,male,0
A11,10,A32,A40,1640,A61,A72,3,married/widowed,A101,2,A122,21,A143,A151,1,A173,1,A191,A201,male,0
A14,31,A34,A42,4008,A61,A75,3,single,A101,3,A121,49,A143,A152,1,A172,1,A192,A201,male,1
A12,26,A34,A43,3343,A65,A75,3,married/widowed,A102,3,A123,51,A143,A152,1,A172,1,A191,A201,male,1
A12,13,A34,A43,1503,A65,A75,3,married/widowed,A101,2,A123,48,A143,A152,1,A172,1,A191,A201,male,1
A12,22,A32,A49,3530,A61,A73,3,single,A101,3,A121,35,A143,A152,1,A173,1,A192,A201,male,0
A14,19,A34,A43,2529,A61,A75,3,single,A101,3,A123,48,A143,A152,1,A173,1,A192,A201,male,1
A14,19,A33,A44,4860,A62,A74,3,single,A101,3,A122,29,A141,A152,1,A173,1,A191,A201,male,1
A11,12,A32,A43,1092,A61,A72,3,married/widowed,A101,3,A123,30,A143,A151,1,A173,1,A191,A201,male,1
A11,26,A34,A43,3714,A61,A75,3,single,A101,3,A124,53,A142,A153,2,A172,1,A191,A201,male,1
A12,32,A34,A43,1286,A61,A72,3,divorced/seperated/married,A101,1,A121,24,A143,A152,1,A173,1,A191,A201,female,1
A14,29,A30,A41,6506,A61,A75,3,divorced/seperated/married,A101,3,A124,52,A143,A153,1,A174,1,A192,A201,female,1
A12,24,A34,A43,1979,A62,A75,3,married/widowed,A101,3,A123,35,A143,A152,1,A172,1,A191,A201,female,1
A12,13,A32,A45,1392,A61,A73,3,single,A101,2,A121,24,A143,A152,1,A173,1,A191,A201,male,1
A12,18,A32,A43,2614,A61,A73,3,single,A101,3,A121,29,A143,A152,1,A173,1,A191,A201,male,1
A14,16,A31,A40,2965,A62,A74,3,single,A101,3,A122,36,A141,A152,1,A173,1,A191,A201,male,0
A14,16,A32,A41,5248,A65,A73,2,single,A101,3,A123,33,A143,A152,1,A174,1,A192,A201,male,1
A12,16,A34,A43,1253,A65,A75,3,married/widowed,A101,3,A123,51,A143,A152,1,A172,1,A191,A201,male,1
A11,17,A31,A41,808,A61,A72,3,divorced/seperated/married,A101,3,A124,43,A142,A153,1,A174,1,A191,A201,female,0
A13,26,A32,A40,881,A61,A72,3,divorced/seperated/married,A101,1,A122,21,A143,A152,1,A173,1,A191,A201,female,1
A12,7,A32,A43,2024,A65,A73,2,single,A101,3,A121,29,A143,A152,1,A173,1,A191,A201,male,1
A12,26,A32,A46,1158,A61,A72,3,divorced/seperated/married,A101,1,A122,22,A143,A152,1,A173,1,A191,A201,female,1
A14,25,A33,A49,7344,A62,A74,3,single,A101,3,A123,29,A141,A152,1,A173,1,A192,A201,male,1
A12,18,A32,A43,1722,A61,A73,3,divorced/seperated/married,A101,1,A123,23,A143,A152,1,A173,1,A191,A201,female,0
A14,28,A34,A42,2902,A61,A75,3,single,A101,3,A123,45,A143,A152,1,A173,1,A192,A201,male,1
A14,13,A34,A40,1794,A61,A73,3,single,A101,3,A123,49,A143,A152,2,A172,1,A191,A201,male,1
A12,13,A32,A43,2568,A61,A73,3,single,A101,2,A121,30,A143,A152,1,A173,1,A191,A201,male,1
A11,12,A32,A42,1598,A61,A72,2,divorced/seperated/married,A101,3,A122,33,A143,A152,1,A173,1,A192,A201,female,0
A14,26,A33,A49,8192,A61,A74,3,single,A101,3,A123,31,A141,A152,1,A173,1,A192,A201,male,1
A14,23,A32,A40,1213,A61,A72,3,divorced/seperated/married,A101,1,A122,22,A143,A152,1,A173,1,A191,A201,female,1
A12,19,A32,A43,1899,A61,A73,3,single,A101,3,A121,30,A143,A152,1,A173,1,A191,A201,male,1
A14,12,A32,A42,2863,A65,A73,2,single,A101,2,A123,35,A143,A152,1,A173,1,A192,A201,male,1
A11,27,A31,A41,2859,A61,A75,1,divorced/seperated/married,A101,3,A124,38,A142,A153,2,A174,1,A191,A201,female,0
A11,12,A32,A48,1440,A61,A72,3,married/widowed,A101,2,A122,21,A143,A151,1,A173,1,A191,A201,male,0
A14,33,A33,A49,8783,A62,A74,3,single,A101,3,A123,30,A141,A152,1,A173,1,A192,A201,male,1
A12,5,A32,A42,2108,A65,A73,1,single,A101,2,A124,27,A143,A152,1,A173,1,A191,A201,male,0
A11,21,A32,A43,2000,A61,A73,3,married/widowed,A101,3,A123,37,A143,A152,1,A173,1,A192,A201,male,1
A13,20,A32,A49,2815,A61,A75,2,single,A101,1,A122,42,A143,A152,1,A174,1,A192,A202,male,1
A14,16,A34,A43,1937,A62,A73,1,divorced/seperated/married,A101,1,A123,35,A143,A152,1,A172,1,A191,A201,female,1
A11,10,A32,A48,1403,A61,A72,2,married/widowed,A101,2,A123,23,A143,A151,1,A173,1,A191,A201,male,0
A11,16,A32,A43,2309,A61,A74,3,single,A101,1,A123,31,A143,A151,1,A173,1,A192,A201,male,1
A14,12,A32,A46,2100,A63,A73,1,single,A101,3,A122,40,A143,A151,1,A172,1,A191,A201,male,1
A11,39,A30,A41,8864,A61,A75,2,divorced/seperated/married,A101,3,A124,44,A142,A153,2,A174,1,A192,A201,female,1
A14,29,A34,A43,1920,A64,A72,3,divorced/seperated/married,A101,2,A121,37,A143,A152,1,A173,1,A192,A201,female,1
A14,23,A32,A41,4751,A63,A74,3,single,A101,3,A122,30,A143,A152,1,A173,1,A191,A201,male,1
A14,32,A30,A42,6993,A61,A75,3,divorced/seperated/married,A101,3,A124,46,A143,A153,1,A174,1,A192,A201,female,1
A13,36,A34,A42,3680,A61,A72,1,divorced/seperated/married,A103,1,A121,34,A143,A152,1,A173,1,A192,A201,female,1
A14,12,A32,A42,4790,A65,A73,1,single,A101,3,A123,34,A143,A152,1,A173,1,A192,A201,male,1
A11,12,A32,A43,1816,A61,A74,3,single,A101,1,A123,34,A143,A151,1,A173,1,A192,A201,male,1
A12,13,A32,A46,1951,A61,A73,1,divorced/seperated/married,A101,3,A124,30,A143,A151,1,A172,1,A191,A201,female,1
A13,12,A32,A40,1566,A61,A72,3,divorced/seperated/married,A101,2,A122,24,A143,A152,1,A173,1,A191,A201,male,0
A12,13,A32,A43,1255,A61,A73,3,single,A101,3,A121,24,A143,A152,1,A173,1,A191,A201,male,1
A11,11,A34,A40,1135,A61,A71,3,single,A101,3,A124,53,A143,A152,2,A172,1,A191,A201,male,0
A14,19,A34,A41,5511,A61,A74,2,single,A101,2,A123,30,A141,A152,1,A173,1,A191,A201,male,1
A14,19,A34,A42,1220,A61,A72,3,divorced/seperated/married,A101,2,A122,29,A143,A152,1,A173,1,A191,A201,female,1
A12,17,A32,A43,1337,A61,A73,3,single,A101,2,A121,24,A143,A152,1,A173,1,A191,A201,male,0
A14,23,A32,A40,1105,A61,A72,3,divorced/seperated/married,A101,1,A122,23,A143,A152,1,A173,1,A191,A201,female,1
A14,11,A32,A43,2643,A63,A73,1,single,A101,2,A122,38,A143,A152,1,A173,1,A192,A201,male,1
A12,18,A32,A40,1286,A61,A73,3,divorced/seperated/married,A101,1,A121,21,A143,A152,1,A173,1,A191,A201,female,0
A14,16,A32,A41,4503,A63,A73,1,single,A101,3,A121,33,A143,A152,1,A173,1,A192,A201,male,1
A12,24,A32,A49,4504,A61,A73,3,single,A101,3,A123,30,A143,A152,1,A173,1,A192,A201,male,1
A11,32,A31,A41,2768,A61,A72,2,divorced/seperated/married,A101,3,A124,42,A142,A153,2,A174,1,A191,A201,female,0
A11,14,A32,A48,1989,A61,A72,1,divorced/seperated,A101,1,A122,25,A143,A151,1,A173,1,A191,A201,male,0
A13,23,A32,A49,2733,A61,A75,1,divorced/seperated,A101,1,A121,37,A143,A152,1,A173,1,A192,A202,male,1
A11,34,A34,A43,4274,A61,A72,3,divorced/seperated/married,A103,3,A121,48,A142,A152,2,A172,1,A191,A201,male,1
A11,8,A32,A40,1568,A65,A73,3,single,A101,2,A122,23,A143,A152,1,A173,1,A191,A201,male,0
A12,26,A32,A43,1515,A61,A72,3,divorced/seperated/married,A101,1,A122,23,A143,A152,1,A173,1,A191,A201,female,1
A13,23,A32,A49,2573,A64,A75,1,divorced/seperated,A101,1,A121,41,A143,A152,1,A174,1,A192,A202,male,1
A11,15,A32,A43,1304,A61,A72,3,married/widowed,A101,3,A123,32,A143,A151,1,A173,1,A191,A201,male,1
A11,37,A34,A43,2557,A61,A72,3,single,A103,2,A121,42,A142,A152,1,A172,1,A191,A201,male,0
A12,31,A32,A40,1357,A61,A72,3,divorced/seperated/married,A101,1,A122,21,A143,A151,1,A173,1,A191,A201,female,1
A12,34,A34,A43,1939,A61,A72,3,married/widowed,A103,1,A121,25,A143,A152,1,A172,1,A191,A201,female,1
A14,23,A33,A49,7822,A61,A74,3,single,A101,3,A123,30,A141,A152,1,A173,1,A192,A201,male,1
A14,15,A34,A40,2481,A62,A74,3,single,A101,2,A122,32,A141,A152,2,A173,1,A191,A201,male,1
A14,17,A32,A40,4310,A61,A73,2,single,A101,2,A123,29,A143,A152,1,A173,1,A191,A201,male,1
A11,26,A31,A43,1937,A61,A72,3,divorced/seperated/married,A101,3,A124,49,A142,A153,2,A174,1,A191,A201,female,0
A14,12,A32,A42,3031,A63,A73,1,single,A101,2,A122,34,A143,A152,1,A173,1,A191,A201,male,1
A12,28,A34,A43,2189,A62,A75,3,married/widowed,A103,2,A121,31,A143,A152,1,A172,1,A191,A201,female,1
A12,26,A34,A46,2137,A62,A75,3,married/widowed,A101,3,A124,34,A143,A151,1,A172,1,A191,A201,female,1
A11,6,A32,A42,1740,A65,A71,1,divorced/seperated/married,A101,3,A123,29,A143,A152,1,A171,1,A192,A201,female,0
A12,28,A34,A43,3304,A61,A75,3,married/widowed,A102,3,A124,48,A142,A152,1,A172,1,A191,A201,male,1
A11,10,A34,A40,864,A61,A71,3,single,A101,3,A124,50,A143,A153,1,A172,1,A191,A201,male,0
A14,20,A33,A49,6247,A61,A74,3,single,A101,2,A123,30,A141,A152,1,A173,1,A191,A201,male,1
A12,9,A32,A42,3640,A65,A73,1,single,A101,3,A123,30,A143,A152,1,A173,1,A192,A201,male,0
A13,10,A32,A42,1799,A65,A73,3,single,A101,3,A123,25,A143,A152,1,A173,1,A191,A201,male,1
A14,16,A34,A43,1575,A61,A73,3,married/widowed,A101,2,A123,37,A143,A152,1,A172,1,A191,A201,male,1
A14,20,A34,A41,4635,A62,A74,3,single,A101,3,A122,31,A141,A152,1,A173,1,A191,A201,male,1
A12,31,A34,A43,3633,A62,A75,3,married/widowed,A103,3,A121,42,A143,A152,1,A172,1,A191,A201,male,1
A14,18,A33,A43,5237,A61,A74,3,single,A101,2,A123,30,A141,A152,1,A173,1,A191,A201,male,1
A12,11,A32,A45,1444,A61,A73,3,single,A101,2,A121,25,A143,A152,1,A173,1,A191,A201,male,1
A13,24,A32,A49,2672,A64,A75,2,divorced/seperated,A101,1,A122,35,A143,A152,1,A173,1,A192,A202,male,1
A14,9,A32,A43,2224,A61,A73,1,single,A101,2,A121,37,A143,A152,1,A173,1,A191,A201,male,1
A11,11,A32,A43,1140,A61,A74,3,married/widowed,A101,3,A123,30,A143,A151,1,A173,1,A191,A201,male,1
A11,14,A32,A43,1163,A61,A72,3,married/widowed,A101,1,A121,22,A143,A151,1,A173,1,A191,A201,male,0
A11,12,A32,A40,2935,A65,A71,3,divorced/seperated/married,A101,3,A124,48,A143,A153,1,A174,1,A192,A201,female,1
A11,7,A32,A42,2220,A61,A72,1,divorced/seperated,A101,2,A123,25,A143,A151,1,A173,1,A192,A201,male,0
